-- phpMyAdmin SQL Dump
-- version 5.0.4
-- https://www.phpmyadmin.net/
--
-- Servidor: 127.0.0.1
-- Tiempo de generación: 04-02-2022 a las 03:16:22
-- Versión del servidor: 10.4.17-MariaDB
-- Versión de PHP: 8.0.1

SET SQL_MODE = "NO_AUTO_VALUE_ON_ZERO";
START TRANSACTION;
SET time_zone = "+00:00";


/*!40101 SET @OLD_CHARACTER_SET_CLIENT=@@CHARACTER_SET_CLIENT */;
/*!40101 SET @OLD_CHARACTER_SET_RESULTS=@@CHARACTER_SET_RESULTS */;
/*!40101 SET @OLD_COLLATION_CONNECTION=@@COLLATION_CONNECTION */;
/*!40101 SET NAMES utf8mb4 */;

--
-- Base de datos: `sicofi`
--

-- --------------------------------------------------------

--
-- Estructura de tabla para la tabla `accountchapters`
--

CREATE TABLE `accountchapters` (
  `id` int(11) NOT NULL,
  `projectNumber` varchar(10) COLLATE utf8_spanish_ci NOT NULL,
  `accountType` int(1) NOT NULL,
  `chapter` int(1) NOT NULL,
  `month1` decimal(10,2) NOT NULL DEFAULT 0.00,
  `month2` decimal(10,2) NOT NULL DEFAULT 0.00,
  `month3` decimal(10,2) NOT NULL DEFAULT 0.00,
  `month4` decimal(10,2) NOT NULL DEFAULT 0.00,
  `month5` decimal(10,2) NOT NULL DEFAULT 0.00,
  `month6` decimal(10,2) NOT NULL DEFAULT 0.00,
  `month7` decimal(10,2) NOT NULL DEFAULT 0.00,
  `month8` decimal(10,2) NOT NULL DEFAULT 0.00,
  `month9` decimal(10,2) NOT NULL DEFAULT 0.00,
  `month10` decimal(10,2) NOT NULL DEFAULT 0.00,
  `month11` decimal(10,2) NOT NULL DEFAULT 0.00,
  `month12` decimal(10,2) NOT NULL DEFAULT 0.00,
  `total` decimal(10,2) NOT NULL DEFAULT 0.00,
  `year` year(4) NOT NULL,
  `active` tinyint(1) NOT NULL DEFAULT 1
) ENGINE=InnoDB DEFAULT CHARSET=utf8 COLLATE=utf8_spanish_ci;

-- --------------------------------------------------------

--
-- Estructura de tabla para la tabla `activeyears`
--

CREATE TABLE `activeyears` (
  `id` int(11) NOT NULL,
  `year` year(4) NOT NULL
) ENGINE=InnoDB DEFAULT CHARSET=utf8 COLLATE=utf8_spanish_ci;

--
-- Volcado de datos para la tabla `activeyears`
--

INSERT INTO `activeyears` (`id`, `year`) VALUES
(1, 2022);

-- --------------------------------------------------------

--
-- Estructura de tabla para la tabla `authtable`
--

CREATE TABLE `authtable` (
  `id` int(11) NOT NULL,
  `coord` text COLLATE utf8_spanish_ci DEFAULT NULL,
  `admin` text COLLATE utf8_spanish_ci DEFAULT NULL,
  `auth` text COLLATE utf8_spanish_ci DEFAULT NULL,
  `elab` text COLLATE utf8_spanish_ci DEFAULT NULL
) ENGINE=InnoDB DEFAULT CHARSET=utf8 COLLATE=utf8_spanish_ci;

--
-- Volcado de datos para la tabla `authtable`
--

INSERT INTO `authtable` (`id`, `coord`, `admin`, `auth`, `elab`) VALUES
(1, 'LIC. MARÍA DEL CARMEN CASTRO BARRERA', 'MIRIAM REBECA MERINO GUZMÁN', 'DIETER PEDRO RAMIREZ RUBIERA', 'IVAN FIGUEROA GOMEZ');

-- --------------------------------------------------------

--
-- Estructura de tabla para la tabla `incomes`
--

CREATE TABLE `incomes` (
  `id` int(11) NOT NULL,
  `sfNum` int(11) NOT NULL,
  `sfId` varchar(30) COLLATE utf8_spanish_ci NOT NULL,
  `projectNumber` varchar(10) COLLATE utf8_spanish_ci NOT NULL,
  `account` int(11) NOT NULL DEFAULT 1,
  `type` varchar(3) COLLATE utf8_spanish_ci NOT NULL,
  `opType` varchar(3) COLLATE utf8_spanish_ci NOT NULL,
  `elabDate` date NOT NULL,
  `month` int(11) NOT NULL,
  `concept` text COLLATE utf8_spanish_ci NOT NULL,
  `sign` int(11) DEFAULT NULL,
  `requested` decimal(10,2) NOT NULL DEFAULT 0.00,
  `ministered` decimal(10,2) NOT NULL DEFAULT 0.00,
  `checked` decimal(10,2) NOT NULL DEFAULT 0.00,
  `ofMod` tinyint(1) NOT NULL DEFAULT 0,
  `ofCom` tinyint(1) NOT NULL DEFAULT 0,
  `obs` text COLLATE utf8_spanish_ci DEFAULT NULL,
  `year` year(4) NOT NULL,
  `active` tinyint(1) NOT NULL DEFAULT 1
) ENGINE=InnoDB DEFAULT CHARSET=utf8 COLLATE=utf8_spanish_ci;

-- --------------------------------------------------------

--
-- Estructura de tabla para la tabla `incomesf`
--

CREATE TABLE `incomesf` (
  `id` int(11) NOT NULL,
  `incomeId` varchar(30) COLLATE utf8_spanish_ci NOT NULL,
  `cap1` decimal(10,2) NOT NULL DEFAULT 0.00,
  `cap2` decimal(10,2) NOT NULL DEFAULT 0.00,
  `cap3` decimal(10,2) NOT NULL DEFAULT 0.00,
  `cap4` decimal(10,2) NOT NULL DEFAULT 0.00,
  `cap5` decimal(10,2) NOT NULL DEFAULT 0.00,
  `total` decimal(10,2) NOT NULL DEFAULT 0.00,
  `sfPrintType` varchar(3) COLLATE utf8_spanish_ci NOT NULL DEFAULT 'pro',
  `sfTaxType` varchar(3) COLLATE utf8_spanish_ci DEFAULT NULL,
  `taxConfig` varchar(3) COLLATE utf8_spanish_ci NOT NULL DEFAULT '000',
  `ivaTC` decimal(10,6) NOT NULL DEFAULT 0.160000,
  `ivaRC` decimal(10,6) NOT NULL DEFAULT 0.106666,
  `isrRC` decimal(10,6) NOT NULL DEFAULT 0.100000,
  `year` year(4) NOT NULL
) ENGINE=InnoDB DEFAULT CHARSET=utf8 COLLATE=utf8_spanish_ci;

-- --------------------------------------------------------

--
-- Estructura de tabla para la tabla `incomesfpart`
--

CREATE TABLE `incomesfpart` (
  `id` int(11) NOT NULL,
  `incomeId` varchar(30) COLLATE utf8_spanish_ci NOT NULL,
  `partNumber` varchar(8) COLLATE utf8_spanish_ci NOT NULL,
  `cap` int(11) NOT NULL,
  `total` decimal(10,2) NOT NULL DEFAULT 0.00,
  `year` year(4) NOT NULL
) ENGINE=InnoDB DEFAULT CHARSET=utf8 COLLATE=utf8_spanish_ci;

-- --------------------------------------------------------

--
-- Estructura de tabla para la tabla `outcomes`
--

CREATE TABLE `outcomes` (
  `id` int(11) NOT NULL,
  `checkNumber` varchar(15) COLLATE utf8_spanish_ci NOT NULL,
  `elabDate` date NOT NULL,
  `sign` int(11) NOT NULL,
  `concept` text COLLATE utf8_spanish_ci NOT NULL,
  `projectNumber` varchar(10) COLLATE utf8_spanish_ci NOT NULL,
  `account` int(11) NOT NULL,
  `foil` varchar(15) COLLATE utf8_spanish_ci DEFAULT NULL,
  `payType` varchar(15) COLLATE utf8_spanish_ci NOT NULL,
  `obs` text COLLATE utf8_spanish_ci DEFAULT NULL,
  `cap1` decimal(10,2) NOT NULL DEFAULT 0.00,
  `cap2` decimal(10,2) NOT NULL DEFAULT 0.00,
  `cap3` decimal(10,2) NOT NULL DEFAULT 0.00,
  `cap4` decimal(10,2) NOT NULL DEFAULT 0.00,
  `cap5` decimal(10,2) NOT NULL DEFAULT 0.00,
  `total` decimal(10,2) NOT NULL DEFAULT 0.00,
  `status` int(11) NOT NULL DEFAULT 0,
  `elabName` int(11) DEFAULT NULL,
  `reviewName` int(11) DEFAULT NULL,
  `viatics` tinyint(1) NOT NULL DEFAULT 0,
  `valStart` date DEFAULT NULL,
  `valEnd` date DEFAULT NULL,
  `gncLocation` text COLLATE utf8_spanish_ci DEFAULT NULL,
  `gncSign` int(11) DEFAULT 0,
  `year` year(4) NOT NULL,
  `active` tinyint(1) NOT NULL DEFAULT 1
) ENGINE=InnoDB DEFAULT CHARSET=utf8 COLLATE=utf8_spanish_ci;

-- --------------------------------------------------------

--
-- Estructura de tabla para la tabla `outcomp`
--

CREATE TABLE `outcomp` (
  `id` int(11) NOT NULL,
  `outcomeId` int(11) NOT NULL,
  `compDate` date NOT NULL,
  `total` decimal(10,2) NOT NULL,
  `gnc` tinyint(1) NOT NULL DEFAULT 0,
  `year` year(4) NOT NULL,
  `active` tinyint(1) NOT NULL DEFAULT 1
) ENGINE=InnoDB DEFAULT CHARSET=utf8 COLLATE=utf8_spanish_ci;

-- --------------------------------------------------------

--
-- Estructura de tabla para la tabla `outcompbills`
--

CREATE TABLE `outcompbills` (
  `id` int(11) NOT NULL,
  `outcomeId` int(11) NOT NULL,
  `foil` text COLLATE utf8_spanish_ci NOT NULL,
  `total` decimal(10,2) NOT NULL DEFAULT 0.00,
  `repeated` tinyint(1) NOT NULL DEFAULT 0,
  `authorize` int(11) NOT NULL DEFAULT 0,
  `obs` text COLLATE utf8_spanish_ci DEFAULT NULL,
  `year` year(4) NOT NULL,
  `active` tinyint(1) NOT NULL DEFAULT 1
) ENGINE=InnoDB DEFAULT CHARSET=utf8 COLLATE=utf8_spanish_ci;

-- --------------------------------------------------------

--
-- Estructura de tabla para la tabla `partlist`
--

CREATE TABLE `partlist` (
  `id` int(11) NOT NULL,
  `partNumber` varchar(8) COLLATE utf8_spanish_ci NOT NULL,
  `partName` text COLLATE utf8_spanish_ci NOT NULL,
  `active` tinyint(1) NOT NULL DEFAULT 1
) ENGINE=InnoDB DEFAULT CHARSET=utf8 COLLATE=utf8_spanish_ci;

--
-- Volcado de datos para la tabla `partlist`
--

INSERT INTO `partlist` (`id`, `partNumber`, `partName`, `active`) VALUES
(1, '11101', 'DIETAS.', 0),
(2, '11201', 'HABERES.', 0),
(3, '11301', 'SUELDOS BASE.', 0),
(4, '11401', 'RETRIBUCIONES POR ADSCRIPCION EN EL EXTRANJERO.', 0),
(5, '12101', 'HONORARIOS.', 0),
(6, '12201', 'SUELDOS BASE AL PERSONAL EVENTUAL.', 0),
(7, '12202', 'COMPENSACIONES A SUSTITUTOS DE PROFESORES.', 0),
(8, '12301', 'RETRIBUCIONES POR SERVICIOS DE CARACTER SOCIAL.', 0),
(9, '12401', 'RETRIBUCION A LOS REPRESENTANTES DE LOS TRABAJADORES Y DE LOS\r\nPATRONES EN LA JUNTA FEDERAL DE CONCILIACION Y ARBITRAJE.', 0),
(10, '13101', 'PRIMA QUINQUENAL POR AÑOS DE SERVICIO EFECTIVOS PRESTADOS.', 0),
(11, '13102', 'ACREDITACION POR AÑOS DE SERVICIO EN LA DOCENCIA Y AL PERSONAL\nADMINISTRATIVO DE LAS INSTITUCIONES D', 0),
(12, '13103', 'PRIMA DE PERSEVERANCIA POR AÑOS DE SERVICIO ACTIVO EN EL EJERCITO,\r\nFUERZA AEREA Y ARMADA MEXICANOS.', 0),
(13, '13104', 'ANTIGÜEDAD.', 0),
(14, '13201', 'PRIMAS DE VACACIONES Y DOMINICAL.', 0),
(15, '13202', 'AGUINALDO O GRATIFICACION DE FIN DE AÑO.', 0),
(16, '13301', 'REMUNERACIONES POR HORAS EXTRAORDINARIAS.', 0),
(17, '13401', 'ACREDITACION POR TITULACION EN LA DOCENCIA.', 0),
(18, '13402', 'ACREDITACION AL PERSONAL DOCENTE POR AÑOS DE ESTUDIO DE\r\nLICENCIATURA.', 0),
(19, '13403', 'COMPENSACIONES POR SERVICIOS ESPECIALES.', 0),
(20, '13404', 'COMPENSACIONES POR SERVICIOS EVENTUALES.', 0),
(21, '13405', 'COMPENSACIONES DE RETIRO.', 0),
(22, '13406', 'COMPENSACIONES DE SERVICIOS.', 0),
(23, '13407', 'COMPENSACIONES ADICIONALES POR SERVICIOS ESPECIALES.', 0),
(24, '13408', 'ASIGNACIONES DOCENTES, PEDAGOGICAS GENERICAS Y ESPECIFICAS.', 0),
(25, '13409', 'COMPENSACION POR ADQUISICION DE MATERIAL DIDACTICO.', 0),
(26, '13410', 'COMPENSACION POR ACTUALIZACION Y FORMACION ACADEMICA.', 0),
(27, '13411', 'COMPENSACIONES A MEDICOS RESIDENTES.', 0),
(28, '13412', 'GASTOS CONTINGENTES PARA EL PERSONAL RADICADO EN EL EXTRANJERO.', 0),
(29, '13413', 'ASIGNACIONES INHERENTES A LA CONCLUSION DE SERVICIOS EN LA\r\nADMINISTRACION PUBLICA FEDERAL.', 0),
(30, '13414', 'ASIGNACIONES CONFORME AL REGIMEN LABORAL.', 0),
(31, '13501', 'SOBREHABERES.', 0),
(32, '13601', 'ASIGNACIONES DE TECNICO.', 0),
(33, '13602', 'ASIGNACIONES DE MANDO.', 0),
(34, '13603', 'ASIGNACIONES POR COMISION.', 0),
(35, '13604', 'ASIGNACIONES DE VUELO.', 0),
(36, '13605', 'ASIGNACIONES DE TECNICO ESPECIAL.', 0),
(37, '13701', 'HONORARIOS ESPECIALES.', 0),
(38, '13801', 'PARTICIPACIONES POR VIGILANCIA EN EL CUMPLIMIENTO DE LAS LEYES Y\r\nCUSTODIA DE VALORES.', 0),
(39, '14101', 'APORTACIONES AL ISSSTE.', 0),
(40, '14102', 'APORTACIONES AL ISSFAM.', 0),
(41, '14103', 'APORTACIONES AL IMSS.', 0),
(42, '14104', 'APORTACIONES DE SEGURIDAD SOCIAL CONTRACTUALES.', 0),
(43, '14105', 'APORTACIONES AL SEGURO DE CESANTIA EN EDAD AVANZADA Y VEJEZ.', 0),
(44, '14201', 'APORTACIONES AL FOVISSSTE.', 0),
(45, '14202', 'APORTACIONES AL INFONAVIT.', 0),
(46, '14301', 'APORTACIONES AL SISTEMA DE AHORRO PARA EL RETIRO.', 0),
(47, '14302', 'DEPOSITOS PARA EL AHORRO SOLIDARIO.', 0),
(48, '14401', 'CUOTAS PARA EL SEGURO DE VIDA DEL PERSONAL CIVIL.', 0),
(49, '14402', 'CUOTAS PARA EL SEGURO DE VIDA DEL PERSONAL MILITAR.', 0),
(50, '14403', 'CUOTAS PARA EL SEGURO DE GASTOS MEDICOS DEL PERSONAL CIVIL.\r\nAsignaciones destinadas a cubrir las pri', 0),
(51, '14404', 'CUOTAS PARA EL SEGURO DE SEPARACION INDIVIDUALIZADO.', 0),
(52, '14405', 'CUOTAS PARA EL SEGURO COLECTIVO DE RETIRO.', 0),
(53, '14406', 'SEGURO DE RESPONSABILIDAD CIVIL, ASISTENCIA LEGAL Y OTROS SEGUROS.', 0),
(54, '15101', 'CUOTAS PARA EL FONDO DE AHORRO DEL PERSONAL CIVIL.', 0),
(55, '15102', 'CUOTAS PARA EL FONDO DE AHORRO DE GENERALES, ALMIRANTES, JEFES Y\r\nOFICIALES.', 0),
(56, '15103', 'CUOTAS PARA EL FONDO DE TRABAJO DEL PERSONAL DEL EJERCITO,\r\nFUERZA AEREA Y ARMADA MEXICANOS.', 0),
(57, '15201', 'INDEMNIZACIONES POR ACCIDENTES EN EL TRABAJO.', 0),
(58, '15202', 'PAGO DE LIQUIDACIONES.', 0),
(59, '15301', 'PRESTACIONES DE RETIRO.', 0),
(60, '15401', 'PRESTACIONES ESTABLECIDAS POR CONDICIONES GENERALES DE TRABAJO\r\nO CONTRATOS COLECTIVOS DE TRABAJO.', 0),
(61, '15402', 'COMPENSACION GARANTIZADA.', 0),
(62, '15403', 'ASIGNACIONES ADICIONALES AL SUELDO.', 0),
(63, '15501', 'APOYOS A LA CAPACITACION DE LOS SERVIDORES PUBLICOS.', 0),
(64, '15901', 'OTRAS PRESTACIONES.', 0),
(65, '15902', 'PAGO EXTRAORDINARIO POR RIESGO.', 0),
(66, '16101', 'INCREMENTOS A LAS PERCEPCIONES.', 0),
(67, '16102', 'CREACION DE PLAZAS.', 0),
(68, '16103', 'OTRAS MEDIDAS DE CARACTER LABORAL Y ECONOMICO.', 0),
(69, '16104', 'PREVISIONES PARA APORTACIONES AL ISSSTE.', 0),
(70, '16105', 'PREVISIONES PARA APORTACIONES AL FOVISSSTE.', 0),
(71, '16106', 'PREVISIONES PARA APORTACIONES AL SISTEMA DE AHORRO PARA EL\r\nRETIRO.', 0),
(72, '16107', 'PREVISIONES PARA APORTACIONES AL SEGURO DE CESANTIA EN EDAD\r\nAVANZADA Y VEJEZ.', 0),
(73, '16108', 'PREVISIONES PARA LOS DEPOSITOS AL AHORRO SOLIDARIO.', 0),
(74, '17101', 'ESTIMULOS POR PRODUCTIVIDAD Y EFICIENCIA.', 0),
(75, '17102', 'ESTIMULOS AL PERSONAL OPERATIVO.', 0),
(76, '21101', 'MATERIALES Y UTILES DE OFICINA.', 1),
(77, '21201', 'MATERIALES Y UTILES DE IMPRESION Y REPRODUCCION.', 1),
(78, '21301', 'MATERIAL ESTADISTICO Y GEOGRAFICO.', 0),
(79, '21401', 'MATERIALES Y UTILES PARA EL PROCESAMIENTO EN EQUIPOS Y BIENES\r\nINFORMATICOS.', 1),
(80, '21501', 'MATERIAL DE APOYO INFORMATIVO.', 1),
(81, '21502', 'MATERIAL PARA INFORMACION EN ACTIVIDADES DE INVESTIGACION\r\nCIENTIFICA Y TECNOLOGICA.', 1),
(82, '21601', 'MATERIAL DE LIMPIEZA.', 1),
(83, '21701', 'MATERIALES Y SUMINISTROS PARA PLANTELES EDUCATIVOS.', 0),
(84, '22101', 'PRODUCTOS ALIMENTICIOS PARA EL EJERCITO, FUERZA AEREA Y ARMADA\r\nMEXICANOS, Y PARA LOS EFECTIVOS QUE P', 0),
(85, '22102', 'PRODUCTOS ALIMENTICIOS PARA PERSONAS DERIVADO DE LA PRESTACION\r\nDE SERVICIOS PUBLICOS EN UNIDADES DE', 0),
(86, '22103', 'PRODUCTOS ALIMENTICIOS PARA EL PERSONAL QUE REALIZA LABORES EN\r\nCAMPO O DE SUPERVISION.', 1),
(87, '22104', 'PRODUCTOS ALIMENTICIOS PARA EL PERSONAL EN LAS INSTALACIONES DE\r\nLAS DEPENDENCIAS Y ENTIDADES.', 1),
(88, '22105', 'PRODUCTOS ALIMENTICIOS PARA LA POBLACION EN CASO DE DESASTRES\r\nNATURALES.', 0),
(89, '22106', 'PRODUCTOS ALIMENTICIOS PARA EL PERSONAL DERIVADO DE ACTIVIDADES\nEXTRAORDINARIAS.', 1),
(90, '22201', 'PRODUCTOS ALIMENTICIOS PARA ANIMALES.', 1),
(91, '22301', 'UTENSILIOS PARA EL SERVICIO DE ALIMENTACION.', 1),
(92, '23101', 'PRODUCTOS ALIMENTICIOS, AGROPECUARIOS Y FORESTALES ADQUIRIDOS\r\nCOMO MATERIA PRIMA.', 0),
(93, '23201', 'INSUMOS TEXTILES ADQUIRIDOS COMO MATERIA PRIMA.', 0),
(94, '23301', 'PRODUCTOS DE PAPEL, CARTON E IMPRESOS ADQUIRIDOS COMO MATERIA\r\nPRIMA.', 0),
(95, '23401', 'COMBUSTIBLES, LUBRICANTES, ADITIVOS, CARBON Y SUS DERIVADOS\r\nADQUIRIDOS COMO MATERIA PRIMA.', 0),
(96, '23501', 'PRODUCTOS QUIMICOS, FARMACEUTICOS Y DE LABORATORIO ADQUIRIDOS\r\nCOMO MATERIA PRIMA.', 0),
(97, '23601', 'PRODUCTOS METALICOS Y A BASE DE MINERALES NO METALICOS\r\nADQUIRIDOS COMO MATERIA PRIMA.', 0),
(98, '23701', 'PRODUCTOS DE CUERO, PIEL, PLASTICO Y HULE ADQUIRIDOS COMO MATERIA\r\nPRIMA.', 0),
(99, '23801', 'MERCANCIAS PARA SU COMERCIALIZACION EN TIENDAS DEL SECTOR\r\nPUBLICO.', 0),
(100, '23901', 'OTROS PRODUCTOS ADQUIRIDOS COMO MATERIA PRIMA.', 0),
(101, '23902', 'PETROLEO, GAS Y SUS DERIVADOS ADQUIRIDOS COMO MATERIA PRIMA.', 0),
(102, '24101', 'PRODUCTOS MINERALES NO METALICOS.', 1),
(103, '24201', 'CEMENTO Y PRODUCTOS DE CONCRETO.', 1),
(104, '24301', 'CAL, YESO Y PRODUCTOS DE YESO.', 1),
(105, '24401', 'MADERA Y PRODUCTOS DE MADERA.', 1),
(106, '24501', 'VIDRIO Y PRODUCTOS DE VIDRIO.', 1),
(107, '24601', 'MATERIAL ELECTRICO Y ELECTRONICO.', 1),
(108, '24701', 'ARTICULOS METALICOS PARA LA CONSTRUCCION.', 1),
(109, '24801', 'MATERIALES COMPLEMENTARIOS.', 1),
(110, '24901', 'OTROS MATERIALES Y ARTICULOS DE CONSTRUCCION Y REPARACION.', 1),
(111, '25101', 'PRODUCTOS QUIMICOS BASICOS.', 1),
(112, '25201', 'PLAGUICIDAS, ABONOS Y FERTILIZANTES.', 1),
(113, '25301', 'MEDICINAS Y PRODUCTOS FARMACEUTICOS.', 1),
(114, '25401', 'MATERIALES, ACCESORIOS Y SUMINISTROS MEDICOS.', 1),
(115, '25501', 'MATERIALES, ACCESORIOS Y SUMINISTROS DE LABORATORIO.', 1),
(116, '25901', 'OTROS PRODUCTOS QUIMICOS.', 1),
(117, '26101', 'COMBUSTIBLES, LUBRICANTES Y ADITIVOS PARA VEHICULOS TERRESTRES,\r\nAEREOS, MARITIMOS, LACUSTRES Y FLUVI', 0),
(118, '26102', 'COMBUSTIBLES, LUBRICANTES Y ADITIVOS PARA VEHICULOS TERRESTRES,\r\nAEREOS, MARITIMOS, LACUSTRES Y FLUVI', 0),
(119, '26103', 'COMBUSTIBLES, LUBRICANTES Y ADITIVOS PARA VEHICULOS TERRESTRES,\r\nAEREOS, MARITIMOS, LACUSTRES Y FLUVI', 1),
(120, '26104', 'COMBUSTIBLES, LUBRICANTES Y ADITIVOS PARA VEHICULOS TERRESTRES,\r\nAEREOS, MARITIMOS, LACUSTRES Y FLUVI', 1),
(121, '26105', 'COMBUSTIBLES, LUBRICANTES Y ADITIVOS PARA MAQUINARIA, EQUIPO DE\r\nPRODUCCION Y SERVICIOS ADMINISTRATIV', 1),
(122, '26106', 'PIDIREGAS CARGOS VARIABLES.', 0),
(123, '26107', 'COMBUSTIBLES NACIONALES PARA PLANTAS PRODUCTIVAS.', 0),
(124, '26108', 'COMBUSTIBLES DE IMPORTACION PARA PLANTAS PRODUCTIVAS.', 0),
(125, '27101', 'VESTUARIO Y UNIFORMES.', 1),
(126, '27201', 'PRENDAS DE PROTECCION PERSONAL.', 1),
(127, '27301', 'ARTICULOS DEPORTIVOS.', 0),
(128, '27401', 'PRODUCTOS TEXTILES.', 1),
(129, '27501', 'BLANCOS Y OTROS PRODUCTOS TEXTILES, EXCEPTO PRENDAS DE VESTIR.', 1),
(130, '28101', 'SUSTANCIAS Y MATERIALES EXPLOSIVOS.', 0),
(131, '28201', 'MATERIALES DE SEGURIDAD PUBLICA.', 0),
(132, '28301', 'PRENDAS DE PROTECCION PARA SEGURIDAD PUBLICA Y NACIONAL.', 0),
(133, '29101', 'HERRAMIENTAS MENORES.', 1),
(134, '29201', 'REFACCIONES Y ACCESORIOS MENORES DE EDIFICIOS.', 1),
(135, '29301', 'REFACCIONES Y ACCESORIOS MENORES DE MOBILIARIO Y EQUIPO DE\r\nADMINISTRACION, EDUCACIONAL Y RECREATIVO.', 1),
(136, '29401', 'REFACCIONES Y ACCESORIOS PARA EQUIPO DE COMPUTO.', 1),
(137, '29501', 'REFACCIONES Y ACCESORIOS MENORES DE EQUIPO E INSTRUMENTAL\r\nMEDICO Y DE LABORATORIO.', 0),
(138, '29601', 'REFACCIONES Y ACCESORIOS MENORES DE EQUIPO DE TRANSPORTE.', 1),
(139, '29701', 'REFACCIONES Y ACCESORIOS MENORES DE EQUIPO DE DEFENSA Y\r\nSEGURIDAD.', 0),
(140, '29801', 'REFACCIONES Y ACCESORIOS MENORES DE MAQUINARIA Y OTROS EQUIPOS.', 1),
(141, '29901', 'REFACCIONES Y ACCESORIOS MENORES OTROS BIENES MUEBLES.', 1),
(142, '31101', 'SERVICIO DE ENERGIA ELECTRICA.', 1),
(143, '31201', 'SERVICIO DE GAS.', 1),
(144, '31301', 'SERVICIO DE AGUA.', 1),
(145, '31401', 'SERVICIO TELEFONICO CONVENCIONAL.', 1),
(146, '31501', 'SERVICIO DE TELEFONIA CELULAR.', 1),
(147, '31601', 'SERVICIO DE RADIOLOCALIZACION.', 1),
(148, '31602', 'SERVICIOS DE TELECOMUNICACIONES.', 1),
(149, '31603', 'SERVICIOS DE INTERNET', 1),
(150, '31701', 'SERVICIOS DE CONDUCCION DE SEÑALES ANALOGICAS Y DIGITALES.', 1),
(151, '31801', 'SERVICIO POSTAL.', 1),
(152, '31802', 'SERVICIO TELEGRAFICO.', 0),
(153, '31901', 'SERVICIOS INTEGRALES DE TELECOMUNICACION.', 1),
(154, '31902', 'CONTRATACION DE OTROS SERVICIOS.', 1),
(155, '31903', 'SERVICIOS GENERALES PARA PLANTELES EDUCATIVOS.', 0),
(156, '31904', 'SERVICIOS INTEGRALES DE INFRAESTRUCTURA DE COMPUTO', 1),
(157, '32101', 'ARRENDAMIENTO DE TERRENOS.', 0),
(158, '32201', 'ARRENDAMIENTO DE EDIFICIOS Y LOCALES.', 1),
(159, '32301', 'ARRENDAMIENTO DE EQUIPO Y BIENES INFORMATICOS.', 1),
(160, '32302', 'ARRENDAMIENTO DE MOBILIARIO.', 1),
(161, '32401', 'ARRENDAMIENTO DE EQUIPO E INSTRUMENTAL MEDICO Y DE LABORATORIO.', 0),
(162, '32501', 'ARRENDAMIENTO DE VEHICULOS TERRESTRES, AEREOS, MARITIMOS,\r\nLACUSTRES Y FLUVIALES PARA LA EJECUCION DE', 0),
(163, '32502', 'ARRENDAMIENTO DE VEHICULOS TERRESTRES, AEREOS, MARITIMOS,\r\nLACUSTRES Y FLUVIALES PARA SERVICIOS PUBLI', 1),
(164, '32503', 'ARRENDAMIENTO DE VEHICULOS TERRESTRES, AEREOS, MARITIMOS,\r\nLACUSTRES Y FLUVIALES PARA SERVICIOS ADMIN', 0),
(165, '32504', 'ARRENDAMIENTO DE VEHICULOS TERRESTRES, AEREOS, MARITIMOS,\r\nLACUSTRES Y FLUVIALES PARA DESASTRES NATUR', 0),
(166, '32505', 'ARRENDAMIENTO DE VEHICULOS TERRESTRES, AEREOS, MARITIMOS,\r\nLACUSTRES Y FLUVIALES PARA SERVIDORES PUBL', 0),
(167, '32601', 'ARRENDAMIENTO DE MAQUINARIA Y EQUIPO.', 1),
(168, '32701', 'PATENTES, REGALIAS Y OTROS.', 1),
(169, '32901', 'ARRENDAMIENTO DE SUSTANCIAS Y PRODUCTOS QUIMICOS.', 0),
(170, '32902', 'PIDIREGAS CARGOS FIJOS.', 0),
(171, '32903', 'OTROS ARRENDAMIENTOS.', 0),
(172, '33101', 'ASESORIAS ASOCIADAS A CONVENIOS, TRATADOS O ACUERDOS.', 0),
(173, '33102', 'ASESORIAS POR CONTROVERSIAS EN EL MARCO DE LOS TRATADOS\r\nINTERNACIONALES.', 0),
(174, '33103', 'CONSULTORIAS PARA PROGRAMAS O PROYECTOS FINANCIADOS POR\r\nORGANISMOS INTERNACIONALES.', 0),
(175, '33104', 'OTRAS ASESORIAS PARA LA OPERACION DE PROGRAMAS.', 0),
(176, '33105', 'SERVICIOS RELACIONADOS CON PROCEDIMIENTOS JURISDICCIONALES.', 0),
(177, '33301', 'SERVICIOS DE INFORMATICA', 1),
(178, '33302', 'SERVICIOS ESTADISTICOS Y GEOGRAFICOS.', 1),
(179, '33303', 'SERVICIOS RELACIONADOS CON CERTIFICACION DE PROCESOS.', 0),
(180, '33401', 'SERVICIOS PARA CAPACITACION A SERVIDORES PUBLICOS.', 1),
(181, '33501', 'ESTUDIOS E INVESTIGACIONES.', 0),
(182, '33601', 'SERVICIOS RELACIONADOS CON TRADUCCIONES.', 1),
(183, '33602', 'OTROS SERVICIOS COMERCIALES.', 1),
(184, '33603', 'IMPRESIONES DE DOCUMENTOS OFICIALES PARA LA PRESTACION DE\r\nSERVICIOS PUBLICOS, IDENTIFICACION, FORMAT', 1),
(185, '33604', 'IMPRESION Y ELABORACION DE MATERIAL INFORMATIVO DERIVADO DE LA\r\nOPERACION Y ADMINISTRACION DE LAS DEP', 1),
(186, '33605', 'INFORMACION EN MEDIOS MASIVOS DERIVADA DE LA OPERACION Y\r\nADMINISTRACION DE LAS DEPENDENCIAS Y ENTIDA', 1),
(187, '33701', 'GASTOS DE SEGURIDAD PUBLICA Y NACIONAL.', 0),
(188, '33702', 'GASTOS EN ACTIVIDADES DE SEGURIDAD Y LOGISTICA DEL ESTADO MAYOR\r\nPRESIDENCIAL.', 0),
(189, '33801', 'SERVICIOS DE VIGILANCIA.', 1),
(190, '33901', 'SUBCONTRATACION DE SERVICIOS CON TERCEROS.', 0),
(191, '33901-N', 'SUBCONTRATACION DE SERVICIOS CON TERCEROS', 1),
(192, '33901-O', 'PERSONAS CONTRATADAS EN EL PROYECTO EN REGIONES SIN INFRAESTRCUTURA PARA EL REGISTRO EN EL SAT', 1),
(193, '33901-P', 'PAGOS DIRECTOS SUBCONTRATACION DE SERVICIOS CON TERCEROS ', 1),
(194, '33902', 'PROYECTOS PARA PRESTACION DE SERVICIOS.', 0),
(195, '33903', 'SERVICIOS INTEGRALES.', 1),
(196, '34101', 'SERVICIOS BANCARIOS Y FINANCIEROS.', 1),
(197, '34301', 'GASTOS INHERENTES A LA RECAUDACION.', 1),
(198, '34401', 'SEGURO DE RESPONSABILIDAD PATRIMONIAL DEL ESTADO.', 0),
(199, '34501', 'SEGUROS DE BIENES PATRIMONIALES.', 1),
(200, '34601', 'ALMACENAJE, EMBALAJE Y ENVASE.', 1),
(201, '34701', 'FLETES Y MANIOBRAS.', 1),
(202, '34801', 'COMISIONES POR VENTAS.', 0),
(203, '35101', 'MANTENIMIENTO Y CONSERVACION DE INMUEBLES PARA LA PRESTACION DE\r\nSERVICIOS ADMINISTRATIVOS.', 1),
(204, '35102', 'MANTENIMIENTO Y CONSERVACION DE INMUEBLES PARA LA PRESTACION DE\r\nSERVICIOS PUBLICOS.', 1),
(205, '35201', 'MANTENIMIENTO Y CONSERVACION DE MOBILIARIO Y EQUIPO DE\r\nADMINISTRACION.', 1),
(206, '35301', 'MANTENIMIENTO Y CONSERVACION DE BIENES INFORMATICOS.', 1),
(207, '35401', 'INSTALACION, REPARACION Y MANTENIMIENTO DE EQUIPO E INSTRUMENTAL\r\nMEDICO Y DE LABORATORIO.', 0),
(208, '35501', 'MANTENIMIENTO Y CONSERVACION DE VEHICULOS TERRESTRES, AEREOS,\r\nMARITIMOS, LACUSTRES Y FLUVIALES.', 1),
(209, '35601', 'REPARACION Y MANTENIMIENTO DE EQUIPO DE DEFENSA Y SEGURIDAD.', 0),
(210, '35701', 'MANTENIMIENTO Y CONSERVACION DE MAQUINARIA Y EQUIPO.', 1),
(211, '35702', 'MANTENIMIENTO Y CONSERVACION DE PLANTAS E INSTALACIONES\r\nPRODUCTIVAS.', 0),
(212, '35801', 'SERVICIOS DE LAVANDERIA, LIMPIEZA E HIGIENE.', 1),
(213, '35901', 'SERVICIOS DE JARDINERIA Y FUMIGACION.', 1),
(214, '36101', 'DIFUSION DE MENSAJES SOBRE PROGRAMAS Y ACTIVIDADES\r\nGUBERNAMENTALES.', 1),
(215, '36201', 'DIFUSION DE MENSAJES COMERCIALES PARA PROMOVER LA VENTA DE\r\nPRODUCTOS O SERVICIOS.', 0),
(216, '36901', 'SERVICIOS RELACIONADOS CON MONITOREO DE INFORMACION EN MEDIOS\r\nMASIVOS.', 0),
(217, '37101', 'PASAJES AEREOS NACIONALES PARA LABORES EN CAMPO Y DE\r\nSUPERVISION.', 1),
(218, '37102', 'PASAJES AEREOS NACIONALES ASOCIADOS A LOS PROGRAMAS DE\r\nSEGURIDAD PUBLICA Y NACIONAL.', 0),
(219, '37103', 'PASAJES AEREOS NACIONALES ASOCIADOS A DESASTRES NATURALES.', 0),
(220, '37104', 'PASAJES AEREOS NACIONALES PARA SERVIDORES PUBLICOS DE MANDO EN\r\nEL DESEMPEÑO DE COMISIONES Y FUNCIONES OFICIALES.', 1),
(221, '37105', 'PASAJES AEREOS INTERNACIONALES ASOCIADOS A LOS PROGRAMAS DE\r\nSEGURIDAD PUBLICA Y NACIONAL.', 0),
(222, '37106', 'PASAJES AEREOS INTERNACIONALES PARA SERVIDORES PUBLICOS EN EL\r\nDESEMPEÑO DE COMISIONES Y FUNCIONES OFICIALES.', 1),
(223, '37201', 'PASAJES TERRESTRES NACIONALES PARA LABORES EN CAMPO Y DE\r\nSUPERVISION.', 1),
(224, '37202', 'PASAJES TERRESTRES NACIONALES ASOCIADOS A LOS PROGRAMAS DE\r\nSEGURIDAD PUBLICA Y NACIONAL.', 0),
(225, '37203', 'PASAJES TERRESTRES NACIONALES ASOCIADOS A DESASTRES NATURALES.', 0),
(226, '37204', 'PASAJES TERRESTRES NACIONALES PARA SERVIDORES PUBLICOS DE\r\nMANDO EN EL DESEMPEÑO DE COMISIONES Y FUNCIONES OFICIALES.', 1),
(227, '37205', 'PASAJES TERRESTRES INTERNACIONALES ASOCIADOS A LOS PROGRAMAS\r\nDE SEGURIDAD PUBLICA Y NACIONAL.', 0),
(228, '37206', 'PASAJES TERRESTRES INTERNACIONALES PARA SERVIDORES PUBLICOS EN\r\nEL DESEMPEÑO DE COMISIONES Y FUNCIONES OFICIALES.', 0),
(229, '37301', 'PASAJES MARITIMOS, LACUSTRES Y FLUVIALES PARA LABORES EN CAMPO Y\r\nSUPERVISION.', 0),
(230, '37302', 'PASAJES MARITIMOS, LACUSTRES Y FLUVIALES ASOCIADOS A LOS\r\nPROGRAMAS DE SEGURIDAD PUBLICA Y NACIONAL.', 0),
(231, '37303', 'PASAJES MARITIMOS, LACUSTRES Y FLUVIALES ASOCIADOS A DESASTRES\r\nNATURALES.', 0),
(232, '37304', 'PASAJES MARITIMOS, LACUSTRES Y FLUVIALES PARA SERVIDORES PUBLICOS\r\nDE MANDO EN EL DESEMPEÑO DE COMISIONES Y FUNCIONES OFICIALES.', 0),
(233, '37501', 'VIATICOS NACIONALES PARA LABORES EN CAMPO Y DE SUPERVISION.', 1),
(234, '37502', 'VIATICOS NACIONALES ASOCIADOS A LOS PROGRAMAS DE SEGURIDAD\r\nPUBLICA Y NACIONAL.', 0),
(235, '37503', 'VIATICOS NACIONALES ASOCIADOS A DESASTRES NATURALES.', 0),
(236, '37504', 'VIATICOS NACIONALES PARA SERVIDORES PUBLICOS EN EL DESEMPEÑO DE\r\nFUNCIONES OFICIALES.', 1),
(237, '37601', 'VIATICOS EN EL EXTRANJERO ASOCIADOS A LOS PROGRAMAS DE\r\nSEGURIDAD PUBLICA Y NACIONAL.', 0),
(238, '37602', 'VIATICOS EN EL EXTRANJERO PARA SERVIDORES PUBLICOS EN EL\r\nDESEMPEÑO DE COMISIONES Y FUNCIONES OFICIALES.', 1),
(239, '37701', 'INSTALACION DEL PERSONAL FEDERAL.', 0),
(240, '37801', 'SERVICIOS INTEGRALES NACIONALES PARA SERVIDORES PUBLICOS EN EL\r\nDESEMPEÑO DE COMISIONES Y FUNCIONES OFICIALES.', 0),
(241, '37802', 'SERVICIOS INTEGRALES EN EL EXTRANJERO PARA SERVIDORES PUBLICOS\r\nEN EL DESEMPEÑO DE COMISIONES Y FUNCIIONES OFICIALES.', 0),
(242, '37901', 'GASTOS PARA OPERATIVOS Y TRABAJOS DE CAMPO EN AREAS RURALES.', 1),
(243, '38101', 'GASTOS DE CEREMONIAL DEL TITULAR DEL EJECUTIVO FEDERAL.', 0),
(244, '38102', 'GASTOS DE CEREMONIAL DE LOS TITULARES DE LAS DEPENDENCIAS Y\r\nENTIDADES.', 0),
(245, '38103', 'GASTOS INHERENTES A LA INVESTIDURA PRESIDENCIAL.', 0),
(246, '38201', 'GASTOS DE ORDEN SOCIAL.', 0),
(247, '38301', 'CONGRESOS Y CONVENCIONES.', 0),
(248, '38401', 'EXPOSICIONES.', 0),
(249, '38501', 'GASTOS PARA ALIMENTACION DE SERVIDORES PUBLICOS DE MANDO.', 1),
(250, '39101', 'FUNERALES Y PAGOS DE DEFUNCION.', 1),
(251, '39201', 'IMPUESTOS Y DERECHOS DE EXPORTACION.', 0),
(252, '39202', 'OTROS IMPUESTOS Y DERECHOS.', 1),
(253, '39301', 'IMPUESTOS Y DERECHOS DE IMPORTACION.', 0),
(254, '39401', 'EROGACIONES POR RESOLUCIONES POR AUTORIDAD COMPETENTE.', 1),
(255, '39402', 'INDEMNIZACIONES POR EXPROPIACION DE PREDIOS.', 0),
(256, '39501', 'PENAS, MULTAS, ACCESORIOS Y ACTUALIZACIONES.', 1),
(257, '39601', 'PERDIDAS DEL ERARIO FEDERAL.', 0),
(258, '39602', 'OTROS GASTOS POR RESPONSABILIDADES.', 0),
(259, '39701', 'EROGACIONES POR PAGO DE UTILIDADES.', 0),
(260, '39801', 'IMPUESTO SOBRE NOMINAS.', 1),
(261, '39901', 'GASTOS DE LAS COMISIONES INTERNACIONALES DE LIMITES Y AGUAS.', 0),
(262, '39902', 'GASTOS DE LAS OFICINAS DEL SERVICIO EXTERIOR MEXICANO.', 0),
(263, '39903', 'Derogada', 0),
(264, '39904', 'PARTICIPACIONES EN ORGANOS DE GOBIERNO.', 0),
(265, '39905', 'ACTIVIDADES DE COORDINACION CON EL PRESIDENTE ELECTO.', 0),
(266, '39906', 'SERVICIOS CORPORATIVOS PRESTADOS POR LAS ENTIDADES\r\nPARAESTATALES A SUS ORGANISMOS.', 0),
(267, '39907', 'SERVICIOS PRESTADOS ENTRE ORGANISMOS DE UNA ENTIDAD\r\nPARAESTATAL.', 0),
(268, '39908', 'EROGACIONES POR CUENTA DE TERCEROS.', 0),
(269, '39909', 'EROGACIONES RECUPERABLES.', 0),
(270, '39910', 'APERTURA DE FONDO ROTATORIO.', 0),
(271, '51101', 'MOBILIARIO', 0),
(272, '51501', 'BIENES INFORMATICOS', 0),
(273, '51901', 'EQUIPO DE ADMINISTRACION', 0),
(274, '52301', 'CAMARAS FOTOGRAFICAS Y DE VIDEO', 0),
(275, '52901', 'OTRO MOBILIARIO Y EQUIPO EDUCACIONAL Y RECREATIVO', 0),
(276, '53101', 'EQUIPO MÉDICO Y DE LABORATORIO', 0),
(277, '53201', 'INSTRUMENTAL MEDICO Y DE LABORATORIO', 0),
(278, '56201', 'MAQUINARIA Y EQUIPO INDUSTRIAL', 0),
(279, '56301', 'MAQUINARIA Y EQUIPO DE CONSTRUCCION ', 1),
(280, '56701', 'HERRAMIENTAS Y MAQUINAS HERRAMIENTA', 0),
(281, '56902', 'OTROS BIENES MUEBLES', 0);

-- --------------------------------------------------------

--
-- Estructura de tabla para la tabla `people`
--

CREATE TABLE `people` (
  `id` int(11) NOT NULL,
  `name` varchar(100) COLLATE utf8_spanish_ci NOT NULL,
  `vip` tinyint(1) NOT NULL DEFAULT 0,
  `active` tinyint(1) NOT NULL DEFAULT 1
) ENGINE=InnoDB DEFAULT CHARSET=utf8 COLLATE=utf8_spanish_ci;

--
-- Volcado de datos para la tabla `people`
--

INSERT INTO `people` (`id`, `name`, `vip`, `active`) VALUES
(1, 'MARÍA DEL CARMEN CASTRO BARRERA', 1, 1);

-- --------------------------------------------------------

--
-- Estructura de tabla para la tabla `projectaccounts`
--

CREATE TABLE `projectaccounts` (
  `id` int(11) NOT NULL,
  `projectNumber` varchar(10) COLLATE utf8_spanish_ci NOT NULL,
  `accountType` int(1) NOT NULL,
  `total` decimal(10,2) NOT NULL DEFAULT 0.00,
  `year` year(4) NOT NULL,
  `active` tinyint(1) NOT NULL DEFAULT 1
) ENGINE=InnoDB DEFAULT CHARSET=utf8 COLLATE=utf8_spanish_ci;

-- --------------------------------------------------------

--
-- Estructura de tabla para la tabla `projectparts`
--

CREATE TABLE `projectparts` (
  `id` int(11) NOT NULL,
  `projectNumber` varchar(10) COLLATE utf8_spanish_ci NOT NULL,
  `accountType` int(1) NOT NULL,
  `chapter` int(1) NOT NULL,
  `partNumber` varchar(8) COLLATE utf8_spanish_ci NOT NULL,
  `month1` decimal(10,2) NOT NULL DEFAULT 0.00,
  `month2` decimal(10,2) NOT NULL DEFAULT 0.00,
  `month3` decimal(10,2) NOT NULL DEFAULT 0.00,
  `month4` decimal(10,2) NOT NULL DEFAULT 0.00,
  `month5` decimal(10,2) NOT NULL DEFAULT 0.00,
  `month6` decimal(10,2) NOT NULL DEFAULT 0.00,
  `month7` decimal(10,2) NOT NULL DEFAULT 0.00,
  `month8` decimal(10,2) NOT NULL DEFAULT 0.00,
  `month9` decimal(10,2) NOT NULL DEFAULT 0.00,
  `month10` decimal(10,2) NOT NULL DEFAULT 0.00,
  `month11` decimal(10,2) NOT NULL DEFAULT 0.00,
  `month12` decimal(10,2) NOT NULL DEFAULT 0.00,
  `total` decimal(10,2) NOT NULL DEFAULT 0.00,
  `year` year(4) NOT NULL,
  `active` tinyint(1) NOT NULL DEFAULT 1
) ENGINE=InnoDB DEFAULT CHARSET=utf8 COLLATE=utf8_spanish_ci;

-- --------------------------------------------------------

--
-- Estructura de tabla para la tabla `projects`
--

CREATE TABLE `projects` (
  `id` int(11) NOT NULL,
  `projectNumber` varchar(10) COLLATE utf8_spanish_ci NOT NULL,
  `projectName` text COLLATE utf8_spanish_ci NOT NULL,
  `type` varchar(3) COLLATE utf8_spanish_ci NOT NULL,
  `manager` varchar(100) COLLATE utf8_spanish_ci NOT NULL,
  `degree` varchar(6) COLLATE utf8_spanish_ci NOT NULL,
  `totalAuth` decimal(10,2) NOT NULL DEFAULT 0.00,
  `coordAuth` decimal(10,2) NOT NULL DEFAULT 0.00,
  `instAuth` decimal(10,2) NOT NULL DEFAULT 0.00,
  `cap1` decimal(10,2) NOT NULL DEFAULT 0.00,
  `cap2` decimal(10,2) NOT NULL DEFAULT 0.00,
  `cap3` decimal(10,2) NOT NULL DEFAULT 0.00,
  `cap4` decimal(10,2) NOT NULL DEFAULT 0.00,
  `cap5` decimal(10,2) NOT NULL DEFAULT 0.00,
  `year` year(4) NOT NULL,
  `active` tinyint(1) NOT NULL DEFAULT 1
) ENGINE=InnoDB DEFAULT CHARSET=utf8 COLLATE=utf8_spanish_ci;

-- --------------------------------------------------------

--
-- Estructura de tabla para la tabla `sfchecking`
--

CREATE TABLE `sfchecking` (
  `id` int(11) NOT NULL,
  `sfId` varchar(30) COLLATE utf8_spanish_ci NOT NULL,
  `cover` int(11) NOT NULL,
  `transfer` varchar(15) COLLATE utf8_spanish_ci NOT NULL,
  `elabDate` date NOT NULL,
  `checked` decimal(10,2) NOT NULL,
  `cap1` decimal(10,2) NOT NULL DEFAULT 0.00,
  `cap2` decimal(10,2) NOT NULL DEFAULT 0.00,
  `cap3` decimal(10,2) NOT NULL DEFAULT 0.00,
  `cap4` decimal(10,2) NOT NULL DEFAULT 0.00,
  `cap5` decimal(10,2) NOT NULL DEFAULT 0.00,
  `type` tinyint(1) NOT NULL,
  `updDate` date NOT NULL,
  `obs` text COLLATE utf8_spanish_ci DEFAULT NULL,
  `year` year(4) NOT NULL,
  `active` tinyint(1) NOT NULL DEFAULT 1
) ENGINE=InnoDB DEFAULT CHARSET=utf8 COLLATE=utf8_spanish_ci;

-- --------------------------------------------------------

--
-- Estructura de tabla para la tabla `sfchecklist`
--

CREATE TABLE `sfchecklist` (
  `id` int(11) NOT NULL,
  `sfId` varchar(30) COLLATE utf8_spanish_ci NOT NULL,
  `cover` int(11) NOT NULL,
  `partNumber` varchar(8) COLLATE utf8_spanish_ci NOT NULL,
  `notes` int(11) DEFAULT NULL,
  `total` decimal(10,2) NOT NULL,
  `updDate` date NOT NULL,
  `obs` text COLLATE utf8_spanish_ci DEFAULT NULL,
  `active` tinyint(1) NOT NULL DEFAULT 1
) ENGINE=InnoDB DEFAULT CHARSET=utf8 COLLATE=utf8_spanish_ci;

-- --------------------------------------------------------

--
-- Estructura de tabla para la tabla `sfval`
--

CREATE TABLE `sfval` (
  `id` int(11) NOT NULL,
  `sfId` varchar(30) COLLATE utf8_spanish_ci NOT NULL,
  `depDate` date NOT NULL,
  `authNum` varchar(15) COLLATE utf8_spanish_ci DEFAULT NULL,
  `cap1` decimal(10,2) NOT NULL DEFAULT 0.00,
  `cap2` decimal(10,2) NOT NULL DEFAULT 0.00,
  `cap3` decimal(10,2) NOT NULL DEFAULT 0.00,
  `cap4` decimal(10,2) NOT NULL DEFAULT 0.00,
  `cap5` decimal(10,2) NOT NULL DEFAULT 0.00,
  `total` decimal(10,2) NOT NULL DEFAULT 0.00,
  `obs` text COLLATE utf8_spanish_ci DEFAULT NULL,
  `year` year(4) NOT NULL,
  `active` tinyint(1) NOT NULL DEFAULT 1
) ENGINE=InnoDB DEFAULT CHARSET=utf8 COLLATE=utf8_spanish_ci;

-- --------------------------------------------------------

--
-- Estructura de tabla para la tabla `useraccess`
--

CREATE TABLE `useraccess` (
  `id` int(11) NOT NULL,
  `userId` int(11) NOT NULL,
  `projectNumber` varchar(10) COLLATE utf8_spanish_ci NOT NULL
) ENGINE=InnoDB DEFAULT CHARSET=utf8 COLLATE=utf8_spanish_ci;

--
-- Volcado de datos para la tabla `useraccess`
--

INSERT INTO `useraccess` (`id`, `userId`, `projectNumber`) VALUES
(1, 1, '11580'),
(2, 1, '11824'),
(3, 3, '3263'),
(4, 3, '3273'),
(5, 3, '7089'),
(6, 3, '7227'),
(7, 3, '8006'),
(8, 3, '8141'),
(9, 3, '8183'),
(10, 3, '8226'),
(11, 3, '8382'),
(12, 3, '8475'),
(13, 3, '11580'),
(14, 3, '11582'),
(15, 3, '11637'),
(16, 3, '11662'),
(17, 3, '11751'),
(18, 3, '11760'),
(19, 3, '11824'),
(20, 3, '11852'),
(21, 3, '13005'),
(22, 3, '13381'),
(23, 3, '13701'),
(24, 3, '15972'),
(25, 3, '16198'),
(26, 3, '16366'),
(27, 3, '20841'),
(28, 3, '23695'),
(29, 3, '23749'),
(30, 3, '25665'),
(31, 3, '25764'),
(32, 3, '25807'),
(33, 3, '25931'),
(34, 3, '25946'),
(35, 3, '26086'),
(36, 3, '22501'),
(37, 3, '22041'),
(38, 3, '24358'),
(39, 3, '24587'),
(40, 6, '7227'),
(41, 6, '8183'),
(42, 6, '11582'),
(43, 6, '13005'),
(44, 6, '13830'),
(45, 6, '25931'),
(46, 6, '26086'),
(47, 7, '3263'),
(48, 7, '13701'),
(49, 8, '8006'),
(50, 8, '8226'),
(51, 8, '16366'),
(52, 8, '20841'),
(53, 8, '23695'),
(54, 8, '23749'),
(55, 8, '25807'),
(56, 8, '24358'),
(57, 8, '24518'),
(58, 9, '30176'),
(59, 11, '8006'),
(60, 12, '1111'),
(61, 12, '3263'),
(62, 12, '8006'),
(63, 12, '8141'),
(64, 12, '8226'),
(65, 12, '8382'),
(66, 12, '8475'),
(67, 12, '11580'),
(68, 12, '11637'),
(69, 12, '11751'),
(70, 12, '11760'),
(71, 12, '11824'),
(72, 12, '11852'),
(73, 12, '13381'),
(74, 12, '13701'),
(75, 12, '15972'),
(76, 12, '16198'),
(77, 12, '16235'),
(78, 12, '16366'),
(79, 12, '20841'),
(80, 12, '23695'),
(81, 12, '23749'),
(82, 12, '13005'),
(83, 12, '20809'),
(84, 12, '20839'),
(85, 12, '22001'),
(86, 12, '22501'),
(87, 12, '25628'),
(88, 12, '25720'),
(89, 12, '25758'),
(90, 12, '25764'),
(91, 12, '25807'),
(92, 12, '25946'),
(93, 12, '26086'),
(94, 14, '30266'),
(95, 14, '30702'),
(96, 17, '11637'),
(97, 21, '11751'),
(98, 22, '7089'),
(99, 23, '7089'),
(100, 24, '8475'),
(101, 27, ' '),
(102, 28, '8188'),
(103, 29, '11760'),
(104, 30, '23749'),
(105, 31, '13830'),
(106, 31, '25931'),
(107, 32, '13701'),
(108, 33, '13381'),
(109, 36, '8141'),
(110, 39, '25665'),
(111, 46, '20841'),
(112, 47, '7227'),
(113, 47, '11582'),
(114, 47, '8183'),
(115, 47, '11760'),
(116, 47, '26086'),
(117, 48, '16198'),
(118, 49, '11824'),
(119, 51, '11852'),
(120, 52, '15972'),
(121, 53, '16366'),
(122, 54, '30045'),
(123, 54, '30079'),
(124, 54, '30176'),
(125, 54, '30177'),
(126, 54, '30195'),
(127, 54, '30228'),
(128, 54, '30229'),
(129, 54, '30231'),
(130, 54, '30234'),
(131, 54, '30243'),
(132, 54, '30266'),
(133, 54, '30273'),
(134, 54, '30281'),
(135, 54, '30282'),
(136, 54, '30312'),
(137, 54, '30340'),
(138, 54, '30356'),
(139, 54, '30443'),
(140, 54, '30446'),
(141, 54, '30563'),
(142, 54, '30613'),
(143, 54, '30641'),
(144, 54, '30655'),
(145, 54, '30702'),
(146, 54, '30704'),
(147, 54, '30790'),
(148, 54, '30792'),
(149, 54, '30982'),
(150, 54, '31121'),
(151, 54, '31233'),
(152, 54, '31362'),
(153, 54, '31422'),
(154, 54, '31645'),
(155, 54, '31658'),
(156, 54, '31718'),
(157, 54, '31719'),
(158, 54, '31770'),
(159, 54, '31772'),
(160, 54, '33901'),
(161, 54, '530000'),
(162, 55, '30045'),
(163, 55, '30079'),
(164, 55, '30176'),
(165, 55, '30177'),
(166, 55, '30195'),
(167, 55, '30228'),
(168, 55, '30229'),
(169, 55, '30231'),
(170, 55, '30234'),
(171, 55, '30243'),
(172, 55, '30266'),
(173, 55, '30273'),
(174, 55, '30281'),
(175, 55, '30282'),
(176, 55, '30312'),
(177, 55, '30340'),
(178, 55, '30356'),
(179, 55, '30443'),
(180, 55, '30446'),
(181, 55, '30563'),
(182, 55, '30613'),
(183, 55, '30641'),
(184, 55, '30655'),
(185, 55, '30702'),
(186, 55, '30704'),
(187, 55, '30790'),
(188, 55, '30792'),
(189, 55, '30982'),
(190, 55, '31121'),
(191, 55, '31233'),
(192, 55, '31362'),
(193, 55, '31422'),
(194, 55, '31645'),
(195, 55, '31658'),
(196, 55, '31718'),
(197, 55, '31719'),
(198, 55, '31770'),
(199, 55, '31772'),
(200, 55, '530000'),
(201, 55, '33901'),
(202, 56, '8141'),
(203, 56, '8475'),
(204, 56, '11637'),
(205, 56, '11751'),
(206, 56, '11852'),
(207, 56, '15972'),
(208, 56, '16198'),
(209, 56, '25665'),
(210, 56, '25764'),
(211, 56, '25946'),
(212, 54, '2404');

-- --------------------------------------------------------

--
-- Estructura de tabla para la tabla `users`
--

CREATE TABLE `users` (
  `id` int(11) NOT NULL,
  `user` varchar(20) COLLATE utf8_spanish_ci NOT NULL,
  `password` varchar(20) COLLATE utf8_spanish_ci NOT NULL,
  `name` varchar(60) COLLATE utf8_spanish_ci NOT NULL,
  `level` int(1) NOT NULL,
  `mail` varchar(60) COLLATE utf8_spanish_ci NOT NULL,
  `fullAccess` tinyint(1) NOT NULL DEFAULT 1,
  `active` tinyint(1) NOT NULL DEFAULT 1
) ENGINE=InnoDB DEFAULT CHARSET=utf8 COLLATE=utf8_spanish_ci;

--
-- Volcado de datos para la tabla `users`
--

INSERT INTO `users` (`id`, `user`, `password`, `name`, `level`, `mail`, `fullAccess`, `active`) VALUES
(1, 'reyna', 'comprobacion', 'REYNA VELASCO MARQUEZ', 3, 'isabel_velasco@inah.gob.mx', 0, 1),
(2, 'carmen_castro', 'mccastro', 'MARIA DEL CARMEN CASTRO BARRERA', 3, 'X@X.com.mx', 0, 0),
(3, 'federico.hc', 'fhc850427k', 'FEDERICO HERNANDEZ CATALAN', 1, 'federico_hernandezct@inah.gob.mx ', 0, 1),
(4, 'sofia', 'sofia8407', 'SOFÍA HERNÁNDEZ CATALÁN', 3, 'sofia.hdz.cat@gmail.com ', 0, 0),
(5, 'graciela_vicencio', 'sE11', 'GRACIELA MARGARITA VICENCIO MEJIA', 3, 'graciela.vicencio11@gmail.com ', 0, 0),
(6, 'aleaguirre ', '78820312', 'LUISA ALEJANDRA AGUIRRE YAÑEZ', 3, 'luisa_aguirre@inah.gob.mx ', 0, 1),
(7, 'alejandra mateos', '2626101719', 'ALEJANDRA MATEOS RIVERA', 3, 'alejandra_mateos@inah.gob.mx ', 0, 1),
(8, 'mguadalupe', 'gdpe18', 'MARÍA GUADALUPE RESÉNDIZ GUTIÉRREZ', 3, 'mguadalupe_resendiz@inah.gob.mx', 0, 1),
(9, 'sandra rodriguez', 'san1234', 'SANDRA LUZ RODRIGUEZ NERI', 3, 'sandra_rodriguez@inah.gob.mx ', 0, 1),
(10, 'lucia de la parra', 'lpl5504', 'LUCIA DE LA PARRA DE LA LAMA', 3, 'luciadelaparrala@gmail.com ', 0, 1),
(11, 'sandra_cruz', 'chani682', 'SANDRA CRUZ FLORES ', 3, 'sandra_cruz@inah.gob.mx ', 0, 1),
(12, 'salvador_guillen', 'salvador', 'SALVADOR GUILLEN JIMENEZ ', 3, 'salvador_guillen@inah.gob.mx ', 0, 1),
(13, 'jennifer_bautista', 'napean2014', 'JENNIFER BAUTISTA LOPEZ', 3, 'jebccr@yahoo.com.mx ', 0, 1),
(14, 'susana_gonzalez', 'asistente', 'SUSANA GONZÁLEZ PELAYO', 3, 'susana_gonzalez@inah.gob.mx ', 0, 1),
(15, 'rebeca_meneses', 'mele800902', 'REBECA MENESES', 3, 'rebeca_meneses@inah.gob.mx ', 0, 1),
(16, 'valerie_magar', 'valma876', 'VALERIE MAGAR MEURS', 3, 'valerie_magar@inah.gob.mx', 0, 1),
(17, 'marie_vander', '7982ma', 'MARIE VANDER MEEREN', 3, 'marie_vander@inah.gob.mx', 0, 1),
(18, 'gabriela_patterson', 'cristal', 'GABRIELA PATTERSON DELAYE', 3, 'conservacionsocial@hotmail.com ', 0, 1),
(19, 'miriam_merino', 'Italias1', 'MIRIAM REBECA MERINO GUZMAN', 1, 'x@x.com', 1, 1),
(20, 'jorge_estrada', 'star', 'JORGE ESTRADA SANCHEZ', 3, 'miyorchs@yahoo.com.mx ', 0, 1),
(21, 'pablo_torres', 'pts', 'PABLO TORRES SORIA', 3, 'ptorres.cncpc@inah.gob.mx ', 0, 1),
(22, 'guadalupe_gonzalez', 'v1ncul4c10n', 'GUADALUPE GONZÁLEZ HERNÁNDEZ', 3, 'guadalupe_gonzalez@inah.gob.mx ', 0, 1),
(23, 'mercedes_villegas', 'v1ncul4c10n', 'ALEJANDRA MERCEDES VILLEGAS IDUÑATE', 3, 'mvillegas.cncpc@inah.gob.mx ', 0, 1),
(24, 'victor_santos', 'POYAGUER10', 'VICTOR SANTOS VASQUEZ', 3, 'victor_santos@inah.gob.mx ', 0, 1),
(25, 'yareli_jaidar', '9xunantunich', 'YARELI JAIDAR BENAVIDES', 3, 'yjaidar@gmail.com ', 0, 1),
(26, 'amparo_nieto', 'ampyone1307', 'AMPARO NIETO PORCAYO', 3, 'x@x.com', 0, 1),
(27, 'irlanda_fragoso', '99095992Ir', 'IRLANDA FRAGOSO CALDERAS', 3, 'irlanda.3@gmail.com ', 0, 1),
(28, 'juanmanuel_rocha', 'rocha', 'JUAN MANUEL ROCHA REYES', 3, 'yokanaan06@yahoo.com.mx ', 0, 1),
(29, 'rocio_martinez', 'danielrm', 'MARÍA DE ROCIO MARTÍNEZ DURÁN', 3, 'rocio_martinez@inah.gob.mx', 0, 1),
(30, 'dulce_grimaldi', '2931', 'DULCE MARÍA GRIMALDI SIERRA', 3, 'dulce_grimaldi@inah.gob.mx ', 0, 1),
(31, 'bertha_penha', 'MONO56', 'MARÍA BERTHA PEÑA TENORIO', 3, 'bertha_penha@inah.gob.mx', 0, 1),
(32, 'sara_fernandez', 'soypaz00', 'SARA EUGENIA FERNÁNDEZ MENDIOLA', 3, 'sara_fernandez@inah.gob.mx', 0, 1),
(33, 'pablo_vidal', 'pavita0', 'PABLO VIDAL TAPIA', 3, 'pablo_vidal@inah.gob.mx', 0, 1),
(34, 'jose_lopez', 'vp05di', 'JOSE ANTONIO LOPEZ PALACIOS', 3, 'dinojalp@gmail.com', 0, 1),
(35, 'fabian_gutierrez', 'Kalinifta', 'FABIAN GUTIERREZ GÓMEZ', 3, 'fabiangg@protonmail.ch', 0, 1),
(36, 'gabrielaarq', 'gabrielaarq', 'GABRIELA MORA NAVARRO ', 3, 'gabriela_mora@inah.gob.mx', 0, 1),
(37, 'vargas.mo', 'KatunKin8', 'MÓNICA VARGAS RAMOS', 3, 'vargas.moh@gmail.com', 0, 1),
(38, 'gabriela_marquez', 'gabicita', 'GABRIELA MARQUEZ MORA ', 1, 'x@x.com', 1, 1),
(39, 'rosa_burgos', 'Pungarabat0', 'ROSA MARÍA BURGOS CHÁIDEZ', 3, 'rosa_burgos@inah.gob.mx', 0, 1),
(40, 'claudia_salgado', 'claudia_salgado', 'CLAUDIA SALGADO RICAÑO', 3, 'claudia.salgadoricano@gmail.com', 0, 1),
(41, 'dieter_ramirez', 'financieros', 'DIETER PEDRO RAMIREZ RUBIERA', 1, 'dieter_ramirez@inah.gob.mx', 1, 1),
(42, 'ayumi_serna', 'Sic@erith00', 'AYUMI HARUNA SERNA LÓPEZ', 1, 'ayumi.harun@gmail.com', 1, 1),
(43, 'transparencia', 'transparencia01', 'TRANSPARENCIA', 1, 'x@x.com', 1, 1),
(44, 'emmanuel_lara', 'INVestigacion05', 'EMMANUEL LARA BARRERA', 3, 'emmanuel_lara@inah.gob.mx', 0, 1),
(45, 'alan_melchor', 'adml28098505', 'ALAN DAVID MELCHOR LÓPEZ', 1, 'alan_melchor@inah.gob.mx', 1, 1),
(46, 'gloriamsv.cncpc', 'marthasvmex', 'SANCHEZ VALENZUELA GLORIA MARTHA', 3, 'gloriamsv.cncpc@inah.gob.mx', 0, 1),
(47, 'ana_meneses', 'pollis34', 'ANA LILIA MENESES LLAMAS', 3, 'ana_meneses@inah.gob.mx', 0, 1),
(48, 'Biodeterioro', 'canoparmelia', 'ALEJANDRO MEDINA AVILA', 3, 'alejandro_medina@inah.gob.mx', 0, 1),
(49, 'luisa_mainou', 'perrocafe', 'LUISA MAINOU CERVANTES', 3, 'mainou.cncpc@inah.gob.mx', 0, 1),
(50, 'yesica_hernandez', 'Admoncncpc18', 'YESICA YAZMIN HERNÁNDEZ ROJAS', 1, 'yesica_hernandez@inah.gob.mx', 1, 1),
(51, 'armando_arciniega', 'corona', 'ARMANDO ARCINIEGA CORONA ', 3, 'armando_arciniega@inah.gob.mx', 0, 1),
(52, 'MRV', 'Spark13*', 'MAGDALENA ROJAS VENCES', 3, 'magdalena_rojasv@inah.gob.mx', 0, 1),
(53, 'cristina_ruiz', 'scpa2019', 'MARÍA CRISTINA RUIZ MARTIN', 3, 'cristina_ruiz@inah.gob.mx', 0, 1),
(54, 'IVAN', 'FGJZDL', 'IVAN FIGUEROA GOMEZ', 1, 'ivan.fgjzdl@gmail.com ', 0, 1),
(55, 'ANGEL', 'MOSA001', 'JOSE ANGEL MOJICA SOSA', 1, 'angelmosa001@yahoo.com.mx', 0, 1),
(56, 'andres_vasquez', 'Benitez', 'ANDRES VASQUEZ BENITEZ ', 3, 'andres_vasquez@inah.gob.mx', 0, 1),
(57, 'eric_rodriguez', 'Renis0608', 'ERIC RODRIGUEZ MOLINA', 1, 'eric_rodriguez@inah.gob.mx', 1, 1);

--
-- Índices para tablas volcadas
--

--
-- Indices de la tabla `accountchapters`
--
ALTER TABLE `accountchapters`
  ADD PRIMARY KEY (`id`);

--
-- Indices de la tabla `activeyears`
--
ALTER TABLE `activeyears`
  ADD PRIMARY KEY (`id`);

--
-- Indices de la tabla `authtable`
--
ALTER TABLE `authtable`
  ADD PRIMARY KEY (`id`);

--
-- Indices de la tabla `incomes`
--
ALTER TABLE `incomes`
  ADD PRIMARY KEY (`id`);

--
-- Indices de la tabla `incomesf`
--
ALTER TABLE `incomesf`
  ADD PRIMARY KEY (`id`);

--
-- Indices de la tabla `incomesfpart`
--
ALTER TABLE `incomesfpart`
  ADD PRIMARY KEY (`id`);

--
-- Indices de la tabla `outcomes`
--
ALTER TABLE `outcomes`
  ADD PRIMARY KEY (`id`);

--
-- Indices de la tabla `outcomp`
--
ALTER TABLE `outcomp`
  ADD PRIMARY KEY (`id`);

--
-- Indices de la tabla `outcompbills`
--
ALTER TABLE `outcompbills`
  ADD PRIMARY KEY (`id`);

--
-- Indices de la tabla `partlist`
--
ALTER TABLE `partlist`
  ADD PRIMARY KEY (`id`);

--
-- Indices de la tabla `people`
--
ALTER TABLE `people`
  ADD PRIMARY KEY (`id`);

--
-- Indices de la tabla `projectaccounts`
--
ALTER TABLE `projectaccounts`
  ADD PRIMARY KEY (`id`);

--
-- Indices de la tabla `projectparts`
--
ALTER TABLE `projectparts`
  ADD PRIMARY KEY (`id`);

--
-- Indices de la tabla `projects`
--
ALTER TABLE `projects`
  ADD PRIMARY KEY (`id`);

--
-- Indices de la tabla `sfchecking`
--
ALTER TABLE `sfchecking`
  ADD PRIMARY KEY (`id`);

--
-- Indices de la tabla `sfchecklist`
--
ALTER TABLE `sfchecklist`
  ADD PRIMARY KEY (`id`);

--
-- Indices de la tabla `sfval`
--
ALTER TABLE `sfval`
  ADD PRIMARY KEY (`id`);

--
-- Indices de la tabla `useraccess`
--
ALTER TABLE `useraccess`
  ADD PRIMARY KEY (`id`);

--
-- Indices de la tabla `users`
--
ALTER TABLE `users`
  ADD PRIMARY KEY (`id`);

--
-- AUTO_INCREMENT de las tablas volcadas
--

--
-- AUTO_INCREMENT de la tabla `accountchapters`
--
ALTER TABLE `accountchapters`
  MODIFY `id` int(11) NOT NULL AUTO_INCREMENT;

--
-- AUTO_INCREMENT de la tabla `activeyears`
--
ALTER TABLE `activeyears`
  MODIFY `id` int(11) NOT NULL AUTO_INCREMENT, AUTO_INCREMENT=2;

--
-- AUTO_INCREMENT de la tabla `authtable`
--
ALTER TABLE `authtable`
  MODIFY `id` int(11) NOT NULL AUTO_INCREMENT, AUTO_INCREMENT=2;

--
-- AUTO_INCREMENT de la tabla `incomes`
--
ALTER TABLE `incomes`
  MODIFY `id` int(11) NOT NULL AUTO_INCREMENT;

--
-- AUTO_INCREMENT de la tabla `incomesf`
--
ALTER TABLE `incomesf`
  MODIFY `id` int(11) NOT NULL AUTO_INCREMENT;

--
-- AUTO_INCREMENT de la tabla `incomesfpart`
--
ALTER TABLE `incomesfpart`
  MODIFY `id` int(11) NOT NULL AUTO_INCREMENT;

--
-- AUTO_INCREMENT de la tabla `outcomes`
--
ALTER TABLE `outcomes`
  MODIFY `id` int(11) NOT NULL AUTO_INCREMENT;

--
-- AUTO_INCREMENT de la tabla `outcomp`
--
ALTER TABLE `outcomp`
  MODIFY `id` int(11) NOT NULL AUTO_INCREMENT;

--
-- AUTO_INCREMENT de la tabla `outcompbills`
--
ALTER TABLE `outcompbills`
  MODIFY `id` int(11) NOT NULL AUTO_INCREMENT;

--
-- AUTO_INCREMENT de la tabla `partlist`
--
ALTER TABLE `partlist`
  MODIFY `id` int(11) NOT NULL AUTO_INCREMENT, AUTO_INCREMENT=282;

--
-- AUTO_INCREMENT de la tabla `people`
--
ALTER TABLE `people`
  MODIFY `id` int(11) NOT NULL AUTO_INCREMENT, AUTO_INCREMENT=2;

--
-- AUTO_INCREMENT de la tabla `projectaccounts`
--
ALTER TABLE `projectaccounts`
  MODIFY `id` int(11) NOT NULL AUTO_INCREMENT;

--
-- AUTO_INCREMENT de la tabla `projectparts`
--
ALTER TABLE `projectparts`
  MODIFY `id` int(11) NOT NULL AUTO_INCREMENT;

--
-- AUTO_INCREMENT de la tabla `projects`
--
ALTER TABLE `projects`
  MODIFY `id` int(11) NOT NULL AUTO_INCREMENT;

--
-- AUTO_INCREMENT de la tabla `sfchecking`
--
ALTER TABLE `sfchecking`
  MODIFY `id` int(11) NOT NULL AUTO_INCREMENT;

--
-- AUTO_INCREMENT de la tabla `sfchecklist`
--
ALTER TABLE `sfchecklist`
  MODIFY `id` int(11) NOT NULL AUTO_INCREMENT;

--
-- AUTO_INCREMENT de la tabla `sfval`
--
ALTER TABLE `sfval`
  MODIFY `id` int(11) NOT NULL AUTO_INCREMENT;

--
-- AUTO_INCREMENT de la tabla `useraccess`
--
ALTER TABLE `useraccess`
  MODIFY `id` int(11) NOT NULL AUTO_INCREMENT, AUTO_INCREMENT=217;

--
-- AUTO_INCREMENT de la tabla `users`
--
ALTER TABLE `users`
  MODIFY `id` int(11) NOT NULL AUTO_INCREMENT, AUTO_INCREMENT=60;
COMMIT;

/*!40101 SET CHARACTER_SET_CLIENT=@OLD_CHARACTER_SET_CLIENT */;
/*!40101 SET CHARACTER_SET_RESULTS=@OLD_CHARACTER_SET_RESULTS */;
/*!40101 SET COLLATION_CONNECTION=@OLD_COLLATION_CONNECTION */;
